[{"__symbolic":"module","version":4,"metadata":{"Insomnia":{"__symbolic":"class","extends":{"__symbolic":"reference","module":"@ionic-native/core","name":"IonicNativePlugin","line":39,"character":30},"decorators":[{"__symbolic":"call","expression":{"__symbolic":"reference","module":"@ionic-native/core","name":"Plugin","line":31,"character":1},"arguments":[{"pluginName":"Insomnia","plugin":"cordova-plugin-insomnia","pluginRef":"plugins.insomnia","repo":"https://github.com/EddyVerbruggen/Insomnia-PhoneGap-Plugin","platforms":["Android","Browser","Firefox OS","iOS","Windows","Windows Phone 8"]}]},{"__symbolic":"call","expression":{"__symbolic":"reference","module":"@angular/core","name":"Injectable","line":38,"character":1}}],"members":{"keepAwake":[{"__symbolic":"method","decorators":[{"__symbolic":"call","expression":{"__symbolic":"reference","module":"@ionic-native/core","name":"Cordova","line":45,"character":3}}]}],"allowSleepAgain":[{"__symbolic":"method","decorators":[{"__symbolic":"call","expression":{"__symbolic":"reference","module":"@ionic-native/core","name":"Cordova","line":52,"character":3}}]}]}}}}]