[{"__symbolic":"module","version":4,"metadata":{"ToastOptions":{"__symbolic":"interface"},"Toast":{"__symbolic":"class","extends":{"__symbolic":"reference","module":"@ionic-native/core","name":"IonicNativePlugin","line":70,"character":27},"decorators":[{"__symbolic":"call","expression":{"__symbolic":"reference","module":"@ionic-native/core","name":"Plugin","line":62,"character":1},"arguments":[{"pluginName":"Toast","plugin":"cordova-plugin-x-toast","pluginRef":"plugins.toast","repo":"https://github.com/EddyVerbruggen/Toast-PhoneGap-Plugin","platforms":["Android","BlackBerry 10","iOS","Windows","Windows Phone 8"]}]},{"__symbolic":"call","expression":{"__symbolic":"reference","module":"@angular/core","name":"Injectable","line":69,"character":1}}],"members":{"show":[{"__symbolic":"method","decorators":[{"__symbolic":"call","expression":{"__symbolic":"reference","module":"@ionic-native/core","name":"Cordova","line":80,"character":3},"arguments":[{"observable":true,"clearFunction":"hide"}]}]}],"hide":[{"__symbolic":"method","decorators":[{"__symbolic":"call","expression":{"__symbolic":"reference","module":"@ionic-native/core","name":"Cordova","line":90,"character":3}}]}],"showWithOptions":[{"__symbolic":"method","decorators":[{"__symbolic":"call","expression":{"__symbolic":"reference","module":"@ionic-native/core","name":"Cordova","line":104,"character":3},"arguments":[{"observable":true,"clearFunction":"hide"}]}]}],"showShortTop":[{"__symbolic":"method","decorators":[{"__symbolic":"call","expression":{"__symbolic":"reference","module":"@ionic-native/core","name":"Cordova","line":115,"character":3},"arguments":[{"observable":true,"clearFunction":"hide"}]}]}],"showShortCenter":[{"__symbolic":"method","decorators":[{"__symbolic":"call","expression":{"__symbolic":"reference","module":"@ionic-native/core","name":"Cordova","line":126,"character":3},"arguments":[{"observable":true,"clearFunction":"hide"}]}]}],"showShortBottom":[{"__symbolic":"method","decorators":[{"__symbolic":"call","expression":{"__symbolic":"reference","module":"@ionic-native/core","name":"Cordova","line":138,"character":3},"arguments":[{"observable":true,"clearFunction":"hide"}]}]}],"showLongTop":[{"__symbolic":"method","decorators":[{"__symbolic":"call","expression":{"__symbolic":"reference","module":"@ionic-native/core","name":"Cordova","line":150,"character":3},"arguments":[{"observable":true,"clearFunction":"hide"}]}]}],"showLongCenter":[{"__symbolic":"method","decorators":[{"__symbolic":"call","expression":{"__symbolic":"reference","module":"@ionic-native/core","name":"Cordova","line":162,"character":3},"arguments":[{"observable":true,"clearFunction":"hide"}]}]}],"showLongBottom":[{"__symbolic":"method","decorators":[{"__symbolic":"call","expression":{"__symbolic":"reference","module":"@ionic-native/core","name":"Cordova","line":174,"character":3},"arguments":[{"observable":true,"clearFunction":"hide"}]}]}]}}}}]