{"moduleName":null,"summaries":[{"symbol":{"__symbol":0,"members":[]},"metadata":{"__symbolic":"interface"}},{"symbol":{"__symbol":1,"members":[]},"metadata":{"__symbolic":"class","extends":{"__symbolic":"resolved","symbol":{"__symbol":2,"members":[]},"line":70,"character":27,"fileName":"src/@ionic-native/plugins/toast/index.ts"},"members":{"show":[{"__symbolic":"method","decorators":[{"__symbolic":"call","expression":{"__symbolic":"resolved","symbol":{"__symbol":3,"members":[]},"line":80,"character":3,"fileName":"src/@ionic-native/plugins/toast/index.ts"},"arguments":[{"observable":true,"clearFunction":"hide"}]}]}],"hide":[{"__symbolic":"method","decorators":[{"__symbolic":"call","expression":{"__symbolic":"resolved","symbol":{"__symbol":3,"members":[]},"line":90,"character":3,"fileName":"src/@ionic-native/plugins/toast/index.ts"}}]}],"showWithOptions":[{"__symbolic":"method","decorators":[{"__symbolic":"call","expression":{"__symbolic":"resolved","symbol":{"__symbol":3,"members":[]},"line":104,"character":3,"fileName":"src/@ionic-native/plugins/toast/index.ts"},"arguments":[{"observable":true,"clearFunction":"hide"}]}]}],"showShortTop":[{"__symbolic":"method","decorators":[{"__symbolic":"call","expression":{"__symbolic":"resolved","symbol":{"__symbol":3,"members":[]},"line":115,"character":3,"fileName":"src/@ionic-native/plugins/toast/index.ts"},"arguments":[{"observable":true,"clearFunction":"hide"}]}]}],"showShortCenter":[{"__symbolic":"method","decorators":[{"__symbolic":"call","expression":{"__symbolic":"resolved","symbol":{"__symbol":3,"members":[]},"line":126,"character":3,"fileName":"src/@ionic-native/plugins/toast/index.ts"},"arguments":[{"observable":true,"clearFunction":"hide"}]}]}],"showShortBottom":[{"__symbolic":"method","decorators":[{"__symbolic":"call","expression":{"__symbolic":"resolved","symbol":{"__symbol":3,"members":[]},"line":138,"character":3,"fileName":"src/@ionic-native/plugins/toast/index.ts"},"arguments":[{"observable":true,"clearFunction":"hide"}]}]}],"showLongTop":[{"__symbolic":"method","decorators":[{"__symbolic":"call","expression":{"__symbolic":"resolved","symbol":{"__symbol":3,"members":[]},"line":150,"character":3,"fileName":"src/@ionic-native/plugins/toast/index.ts"},"arguments":[{"observable":true,"clearFunction":"hide"}]}]}],"showLongCenter":[{"__symbolic":"method","decorators":[{"__symbolic":"call","expression":{"__symbolic":"resolved","symbol":{"__symbol":3,"members":[]},"line":162,"character":3,"fileName":"src/@ionic-native/plugins/toast/index.ts"},"arguments":[{"observable":true,"clearFunction":"hide"}]}]}],"showLongBottom":[{"__symbolic":"method","decorators":[{"__symbolic":"call","expression":{"__symbolic":"resolved","symbol":{"__symbol":3,"members":[]},"line":174,"character":3,"fileName":"src/@ionic-native/plugins/toast/index.ts"},"arguments":[{"observable":true,"clearFunction":"hide"}]}]}]}},"type":{"summaryKind":3,"type":{"reference":{"__symbol":1,"members":[]},"diDeps":[],"lifecycleHooks":[]}}}],"symbols":[{"__symbol":0,"name":"ToastOptions","filePath":"./index"},{"__symbol":1,"name":"Toast","filePath":"./index"},{"__symbol":2,"name":"IonicNativePlugin","filePath":"../../../../dist/@ionic-native/core/index"},{"__symbol":3,"name":"Cordova","filePath":"../../../../dist/@ionic-native/core/index"}]}