[{"__symbolic":"module","version":4,"metadata":{"StreamingVideoOptions":{"__symbolic":"interface"},"StreamingAudioOptions":{"__symbolic":"interface"},"StreamingMedia":{"__symbolic":"class","extends":{"__symbolic":"reference","module":"@ionic-native/core","name":"IonicNativePlugin","line":82,"character":36},"decorators":[{"__symbolic":"call","expression":{"__symbolic":"reference","module":"@ionic-native/core","name":"Plugin","line":74,"character":1},"arguments":[{"pluginName":"StreamingMedia","plugin":"cordova-plugin-streaming-media","pluginRef":"plugins.streamingMedia","repo":"https://github.com/nchutchind/cordova-plugin-streaming-media","platforms":["Amazon Fire OS","Android","iOS"]}]},{"__symbolic":"call","expression":{"__symbolic":"reference","module":"@angular/core","name":"Injectable","line":81,"character":1}}],"members":{"playVideo":[{"__symbolic":"method","decorators":[{"__symbolic":"call","expression":{"__symbolic":"reference","module":"@ionic-native/core","name":"Cordova","line":88,"character":3},"arguments":[{"sync":true}]}]}],"playAudio":[{"__symbolic":"method","decorators":[{"__symbolic":"call","expression":{"__symbolic":"reference","module":"@ionic-native/core","name":"Cordova","line":96,"character":3},"arguments":[{"sync":true}]}]}],"stopAudio":[{"__symbolic":"method","decorators":[{"__symbolic":"call","expression":{"__symbolic":"reference","module":"@ionic-native/core","name":"Cordova","line":102,"character":3},"arguments":[{"sync":true}]}]}],"pauseAudio":[{"__symbolic":"method","decorators":[{"__symbolic":"call","expression":{"__symbolic":"reference","module":"@ionic-native/core","name":"Cordova","line":108,"character":3},"arguments":[{"sync":true,"platforms":["iOS"]}]}]}],"resumeAudio":[{"__symbolic":"method","decorators":[{"__symbolic":"call","expression":{"__symbolic":"reference","module":"@ionic-native/core","name":"Cordova","line":114,"character":3},"arguments":[{"sync":true,"platforms":["iOS"]}]}]}]}}}}]