{"moduleName":null,"summaries":[{"symbol":{"__symbol":0,"members":[]},"metadata":{"__symbolic":"interface"}},{"symbol":{"__symbol":1,"members":[]},"metadata":{"__symbolic":"interface"}},{"symbol":{"__symbol":2,"members":[]},"metadata":{"__symbolic":"class","extends":{"__symbolic":"resolved","symbol":{"__symbol":3,"members":[]},"line":82,"character":36,"fileName":"src/@ionic-native/plugins/streaming-media/index.ts"},"members":{"playVideo":[{"__symbolic":"method","decorators":[{"__symbolic":"call","expression":{"__symbolic":"resolved","symbol":{"__symbol":4,"members":[]},"line":88,"character":3,"fileName":"src/@ionic-native/plugins/streaming-media/index.ts"},"arguments":[{"sync":true}]}]}],"playAudio":[{"__symbolic":"method","decorators":[{"__symbolic":"call","expression":{"__symbolic":"resolved","symbol":{"__symbol":4,"members":[]},"line":96,"character":3,"fileName":"src/@ionic-native/plugins/streaming-media/index.ts"},"arguments":[{"sync":true}]}]}],"stopAudio":[{"__symbolic":"method","decorators":[{"__symbolic":"call","expression":{"__symbolic":"resolved","symbol":{"__symbol":4,"members":[]},"line":102,"character":3,"fileName":"src/@ionic-native/plugins/streaming-media/index.ts"},"arguments":[{"sync":true}]}]}],"pauseAudio":[{"__symbolic":"method","decorators":[{"__symbolic":"call","expression":{"__symbolic":"resolved","symbol":{"__symbol":4,"members":[]},"line":108,"character":3,"fileName":"src/@ionic-native/plugins/streaming-media/index.ts"},"arguments":[{"sync":true,"platforms":["iOS"]}]}]}],"resumeAudio":[{"__symbolic":"method","decorators":[{"__symbolic":"call","expression":{"__symbolic":"resolved","symbol":{"__symbol":4,"members":[]},"line":114,"character":3,"fileName":"src/@ionic-native/plugins/streaming-media/index.ts"},"arguments":[{"sync":true,"platforms":["iOS"]}]}]}]}},"type":{"summaryKind":3,"type":{"reference":{"__symbol":2,"members":[]},"diDeps":[],"lifecycleHooks":[]}}}],"symbols":[{"__symbol":0,"name":"StreamingVideoOptions","filePath":"./index"},{"__symbol":1,"name":"StreamingAudioOptions","filePath":"./index"},{"__symbol":2,"name":"StreamingMedia","filePath":"./index"},{"__symbol":3,"name":"IonicNativePlugin","filePath":"../../../../dist/@ionic-native/core/index"},{"__symbol":4,"name":"Cordova","filePath":"../../../../dist/@ionic-native/core/index"}]}